date,name,matched_stories,all_candidate_stories,pct_of_all_candidate_stories,query
12/30/2018,Amy Klobuchar,45,806,0.055831266,"(""Amy Klobuchar"")"
1/6/2019,Amy Klobuchar,55,915,0.06010929,"(""Amy Klobuchar"")"
1/13/2019,Amy Klobuchar,128,1052,0.121673004,"(""Amy Klobuchar"")"
1/20/2019,Amy Klobuchar,55,1024,0.053710938,"(""Amy Klobuchar"")"
1/27/2019,Amy Klobuchar,74,1605,0.046105919,"(""Amy Klobuchar"")"
2/3/2019,Amy Klobuchar,143,1428,0.100140056,"(""Amy Klobuchar"")"
2/10/2019,Amy Klobuchar,411,1612,0.254962779,"(""Amy Klobuchar"")"
2/17/2019,Amy Klobuchar,256,1406,0.182076814,"(""Amy Klobuchar"")"
2/24/2019,Amy Klobuchar,169,1286,0.131415241,"(""Amy Klobuchar"")"
3/3/2019,Amy Klobuchar,242,1485,0.162962963,"(""Amy Klobuchar"")"
3/10/2019,Amy Klobuchar,185,1810,0.102209945,"(""Amy Klobuchar"")"
3/17/2019,Amy Klobuchar,223,1591,0.140163419,"(""Amy Klobuchar"")"
3/24/2019,Amy Klobuchar,167,1166,0.1432247,"(""Amy Klobuchar"")"
3/31/2019,Amy Klobuchar,150,1714,0.087514586,"(""Amy Klobuchar"")"
4/7/2019,Amy Klobuchar,192,1600,0.12,"(""Amy Klobuchar"")"
4/14/2019,Amy Klobuchar,190,1936,0.098140496,"(""Amy Klobuchar"")"
4/21/2019,Amy Klobuchar,251,2320,0.108189655,"(""Amy Klobuchar"")"
4/28/2019,Amy Klobuchar,191,1834,0.104143948,"(""Amy Klobuchar"")"
5/5/2019,Amy Klobuchar,148,1577,0.093849081,"(""Amy Klobuchar"")"
5/12/2019,Amy Klobuchar,165,1952,0.084528689,"(""Amy Klobuchar"")"
5/19/2019,Amy Klobuchar,157,1580,0.099367089,"(""Amy Klobuchar"")"
5/26/2019,Amy Klobuchar,128,1474,0.086838535,"(""Amy Klobuchar"")"
6/2/2019,Amy Klobuchar,143,1652,0.086561743,"(""Amy Klobuchar"")"
6/9/2019,Amy Klobuchar,235,2049,0.114690093,"(""Amy Klobuchar"")"
6/16/2019,Amy Klobuchar,155,1882,0.082359192,"(""Amy Klobuchar"")"
6/23/2019,Amy Klobuchar,548,3561,0.153889357,"(""Amy Klobuchar"")"
6/30/2019,Amy Klobuchar,151,1672,0.090311005,"(""Amy Klobuchar"")"
7/7/2019,Amy Klobuchar,131,1880,0.069680851,"(""Amy Klobuchar"")"
7/14/2019,Amy Klobuchar,167,1802,0.092674806,"(""Amy Klobuchar"")"
7/21/2019,Amy Klobuchar,121,1414,0.085572843,"(""Amy Klobuchar"")"
7/28/2019,Amy Klobuchar,406,3210,0.126479751,"(""Amy Klobuchar"")"
8/4/2019,Amy Klobuchar,161,1937,0.083118224,"(""Amy Klobuchar"")"
8/11/2019,Amy Klobuchar,102,1513,0.06741573,"(""Amy Klobuchar"")"
8/18/2019,Amy Klobuchar,123,1451,0.084769125,"(""Amy Klobuchar"")"
8/25/2019,Amy Klobuchar,85,950,0.089473684,"(""Amy Klobuchar"")"
9/1/2019,Amy Klobuchar,142,1309,0.108479756,"(""Amy Klobuchar"")"
9/8/2019,Amy Klobuchar,367,1957,0.187531937,"(""Amy Klobuchar"")"
9/15/2019,Amy Klobuchar,211,2071,0.101883148,"(""Amy Klobuchar"")"
9/22/2019,Amy Klobuchar,110,3682,0.029875068,"(""Amy Klobuchar"")"
9/29/2019,Amy Klobuchar,94,3355,0.028017884,"(""Amy Klobuchar"")"
10/6/2019,Amy Klobuchar,121,2459,0.049206995,"(""Amy Klobuchar"")"
10/13/2019,Amy Klobuchar,382,2788,0.137015782,"(""Amy Klobuchar"")"
10/20/2019,Amy Klobuchar,175,1994,0.08776329,"(""Amy Klobuchar"")"
12/30/2018,Andrew Yang,2,806,0.00248139,"(""Andrew Yang"")"
1/6/2019,Andrew Yang,6,915,0.006557377,"(""Andrew Yang"")"
1/13/2019,Andrew Yang,9,1052,0.008555133,"(""Andrew Yang"")"
1/20/2019,Andrew Yang,7,1024,0.006835938,"(""Andrew Yang"")"
1/27/2019,Andrew Yang,14,1605,0.008722741,"(""Andrew Yang"")"
2/3/2019,Andrew Yang,11,1428,0.007703081,"(""Andrew Yang"")"
2/10/2019,Andrew Yang,28,1612,0.017369727,"(""Andrew Yang"")"
2/17/2019,Andrew Yang,13,1406,0.009246088,"(""Andrew Yang"")"
2/24/2019,Andrew Yang,12,1286,0.00933126,"(""Andrew Yang"")"
3/3/2019,Andrew Yang,27,1485,0.018181818,"(""Andrew Yang"")"
3/10/2019,Andrew Yang,37,1810,0.020441989,"(""Andrew Yang"")"
3/17/2019,Andrew Yang,66,1591,0.041483344,"(""Andrew Yang"")"
3/24/2019,Andrew Yang,30,1166,0.025728988,"(""Andrew Yang"")"
3/31/2019,Andrew Yang,57,1714,0.033255543,"(""Andrew Yang"")"
4/7/2019,Andrew Yang,70,1600,0.04375,"(""Andrew Yang"")"
4/14/2019,Andrew Yang,88,1936,0.045454545,"(""Andrew Yang"")"
4/21/2019,Andrew Yang,49,2320,0.02112069,"(""Andrew Yang"")"
4/28/2019,Andrew Yang,46,1834,0.025081788,"(""Andrew Yang"")"
5/5/2019,Andrew Yang,43,1577,0.027266963,"(""Andrew Yang"")"
5/12/2019,Andrew Yang,60,1952,0.030737705,"(""Andrew Yang"")"
5/19/2019,Andrew Yang,64,1580,0.040506329,"(""Andrew Yang"")"
5/26/2019,Andrew Yang,42,1474,0.028493894,"(""Andrew Yang"")"
6/2/2019,Andrew Yang,35,1652,0.021186441,"(""Andrew Yang"")"
6/9/2019,Andrew Yang,138,2049,0.067349927,"(""Andrew Yang"")"
6/16/2019,Andrew Yang,77,1882,0.040913921,"(""Andrew Yang"")"
6/23/2019,Andrew Yang,349,3561,0.098006178,"(""Andrew Yang"")"
6/30/2019,Andrew Yang,66,1672,0.039473684,"(""Andrew Yang"")"
7/7/2019,Andrew Yang,65,1880,0.034574468,"(""Andrew Yang"")"
7/14/2019,Andrew Yang,110,1802,0.061043285,"(""Andrew Yang"")"
7/21/2019,Andrew Yang,52,1414,0.036775106,"(""Andrew Yang"")"
7/28/2019,Andrew Yang,307,3210,0.095638629,"(""Andrew Yang"")"
8/4/2019,Andrew Yang,116,1937,0.059886422,"(""Andrew Yang"")"
8/11/2019,Andrew Yang,130,1513,0.085922009,"(""Andrew Yang"")"
8/18/2019,Andrew Yang,94,1451,0.064782908,"(""Andrew Yang"")"
8/25/2019,Andrew Yang,121,950,0.127368421,"(""Andrew Yang"")"
9/1/2019,Andrew Yang,157,1309,0.119938885,"(""Andrew Yang"")"
9/8/2019,Andrew Yang,400,1957,0.204394481,"(""Andrew Yang"")"
9/15/2019,Andrew Yang,244,2071,0.117817479,"(""Andrew Yang"")"
9/22/2019,Andrew Yang,102,3682,0.027702336,"(""Andrew Yang"")"
9/29/2019,Andrew Yang,163,3355,0.048584203,"(""Andrew Yang"")"
10/6/2019,Andrew Yang,87,2459,0.035380236,"(""Andrew Yang"")"
10/13/2019,Andrew Yang,277,2788,0.099354376,"(""Andrew Yang"")"
10/20/2019,Andrew Yang,120,1994,0.060180542,"(""Andrew Yang"")"
12/30/2018,Bernie Sanders,277,806,0.343672457,"(""Bernie Sanders"")"
1/6/2019,Bernie Sanders,329,915,0.359562842,"(""Bernie Sanders"")"
1/13/2019,Bernie Sanders,250,1052,0.237642586,"(""Bernie Sanders"")"
1/20/2019,Bernie Sanders,297,1024,0.290039063,"(""Bernie Sanders"")"
1/27/2019,Bernie Sanders,410,1605,0.255451713,"(""Bernie Sanders"")"
2/3/2019,Bernie Sanders,412,1428,0.288515406,"(""Bernie Sanders"")"
2/10/2019,Bernie Sanders,359,1612,0.222704715,"(""Bernie Sanders"")"
2/17/2019,Bernie Sanders,633,1406,0.450213371,"(""Bernie Sanders"")"
2/24/2019,Bernie Sanders,628,1286,0.488335925,"(""Bernie Sanders"")"
3/3/2019,Bernie Sanders,667,1485,0.449158249,"(""Bernie Sanders"")"
3/10/2019,Bernie Sanders,585,1810,0.32320442,"(""Bernie Sanders"")"
3/17/2019,Bernie Sanders,599,1591,0.376492772,"(""Bernie Sanders"")"
3/24/2019,Bernie Sanders,380,1166,0.325900515,"(""Bernie Sanders"")"
3/31/2019,Bernie Sanders,521,1714,0.303967328,"(""Bernie Sanders"")"
4/7/2019,Bernie Sanders,636,1600,0.3975,"(""Bernie Sanders"")"
4/14/2019,Bernie Sanders,944,1936,0.487603306,"(""Bernie Sanders"")"
4/21/2019,Bernie Sanders,921,2320,0.396982759,"(""Bernie Sanders"")"
4/28/2019,Bernie Sanders,622,1834,0.3391494,"(""Bernie Sanders"")"
5/5/2019,Bernie Sanders,490,1577,0.31071655,"(""Bernie Sanders"")"
5/12/2019,Bernie Sanders,661,1952,0.338627049,"(""Bernie Sanders"")"
5/19/2019,Bernie Sanders,485,1580,0.306962025,"(""Bernie Sanders"")"
5/26/2019,Bernie Sanders,414,1474,0.280868385,"(""Bernie Sanders"")"
6/2/2019,Bernie Sanders,558,1652,0.337772397,"(""Bernie Sanders"")"
6/9/2019,Bernie Sanders,773,2049,0.377257199,"(""Bernie Sanders"")"
6/16/2019,Bernie Sanders,615,1882,0.326780021,"(""Bernie Sanders"")"
6/23/2019,Bernie Sanders,1438,3561,0.403819152,"(""Bernie Sanders"")"
6/30/2019,Bernie Sanders,604,1672,0.361244019,"(""Bernie Sanders"")"
7/7/2019,Bernie Sanders,579,1880,0.307978723,"(""Bernie Sanders"")"
7/14/2019,Bernie Sanders,714,1802,0.396226415,"(""Bernie Sanders"")"
7/21/2019,Bernie Sanders,453,1414,0.320367751,"(""Bernie Sanders"")"
7/28/2019,Bernie Sanders,1354,3210,0.421806854,"(""Bernie Sanders"")"
8/4/2019,Bernie Sanders,615,1937,0.317501291,"(""Bernie Sanders"")"
8/11/2019,Bernie Sanders,497,1513,0.328486451,"(""Bernie Sanders"")"
8/18/2019,Bernie Sanders,635,1451,0.437629221,"(""Bernie Sanders"")"
8/25/2019,Bernie Sanders,399,950,0.42,"(""Bernie Sanders"")"
9/1/2019,Bernie Sanders,526,1309,0.401833461,"(""Bernie Sanders"")"
9/8/2019,Bernie Sanders,910,1957,0.464997445,"(""Bernie Sanders"")"
9/15/2019,Bernie Sanders,704,2071,0.3399324,"(""Bernie Sanders"")"
9/22/2019,Bernie Sanders,494,3682,0.134166214,"(""Bernie Sanders"")"
9/29/2019,Bernie Sanders,699,3355,0.208345753,"(""Bernie Sanders"")"
10/6/2019,Bernie Sanders,491,2459,0.199674664,"(""Bernie Sanders"")"
10/13/2019,Bernie Sanders,973,2788,0.348995696,"(""Bernie Sanders"")"
10/20/2019,Bernie Sanders,599,1994,0.300401204,"(""Bernie Sanders"")"
12/30/2018,Beto O'Rourke,43,806,0.053349876,"(""Beto O'Rourke"")"
1/6/2019,Beto O'Rourke,61,915,0.066666667,"(""Beto O'Rourke"")"
1/13/2019,Beto O'Rourke,55,1052,0.052281369,"(""Beto O'Rourke"")"
1/20/2019,Beto O'Rourke,22,1024,0.021484375,"(""Beto O'Rourke"")"
1/27/2019,Beto O'Rourke,35,1605,0.021806854,"(""Beto O'Rourke"")"
2/3/2019,Beto O'Rourke,64,1428,0.044817927,"(""Beto O'Rourke"")"
2/10/2019,Beto O'Rourke,159,1612,0.098635236,"(""Beto O'Rourke"")"
2/17/2019,Beto O'Rourke,49,1406,0.03485064,"(""Beto O'Rourke"")"
2/24/2019,Beto O'Rourke,55,1286,0.042768274,"(""Beto O'Rourke"")"
3/3/2019,Beto O'Rourke,59,1485,0.03973064,"(""Beto O'Rourke"")"
3/10/2019,Beto O'Rourke,334,1810,0.184530387,"(""Beto O'Rourke"")"
3/17/2019,Beto O'Rourke,295,1591,0.185417976,"(""Beto O'Rourke"")"
3/24/2019,Beto O'Rourke,119,1166,0.102058319,"(""Beto O'Rourke"")"
3/31/2019,Beto O'Rourke,123,1714,0.07176196,"(""Beto O'Rourke"")"
4/7/2019,Beto O'Rourke,94,1600,0.05875,"(""Beto O'Rourke"")"
4/14/2019,Beto O'Rourke,118,1936,0.060950413,"(""Beto O'Rourke"")"
4/21/2019,Beto O'Rourke,97,2320,0.041810345,"(""Beto O'Rourke"")"
4/28/2019,Beto O'Rourke,119,1834,0.064885496,"(""Beto O'Rourke"")"
5/5/2019,Beto O'Rourke,72,1577,0.045656309,"(""Beto O'Rourke"")"
5/12/2019,Beto O'Rourke,117,1952,0.059938525,"(""Beto O'Rourke"")"
5/19/2019,Beto O'Rourke,102,1580,0.064556962,"(""Beto O'Rourke"")"
5/26/2019,Beto O'Rourke,83,1474,0.056309362,"(""Beto O'Rourke"")"
6/2/2019,Beto O'Rourke,90,1652,0.054479419,"(""Beto O'Rourke"")"
6/9/2019,Beto O'Rourke,154,2049,0.075158614,"(""Beto O'Rourke"")"
6/16/2019,Beto O'Rourke,63,1882,0.033475027,"(""Beto O'Rourke"")"
6/23/2019,Beto O'Rourke,321,3561,0.090143218,"(""Beto O'Rourke"")"
6/30/2019,Beto O'Rourke,103,1672,0.061602871,"(""Beto O'Rourke"")"
7/7/2019,Beto O'Rourke,72,1880,0.038297872,"(""Beto O'Rourke"")"
7/14/2019,Beto O'Rourke,124,1802,0.068812431,"(""Beto O'Rourke"")"
7/21/2019,Beto O'Rourke,61,1414,0.043140028,"(""Beto O'Rourke"")"
7/28/2019,Beto O'Rourke,187,3210,0.058255452,"(""Beto O'Rourke"")"
8/4/2019,Beto O'Rourke,318,1937,0.164171399,"(""Beto O'Rourke"")"
8/11/2019,Beto O'Rourke,141,1513,0.093192333,"(""Beto O'Rourke"")"
8/18/2019,Beto O'Rourke,69,1451,0.047553411,"(""Beto O'Rourke"")"
8/25/2019,Beto O'Rourke,72,950,0.075789474,"(""Beto O'Rourke"")"
9/1/2019,Beto O'Rourke,100,1309,0.076394194,"(""Beto O'Rourke"")"
9/8/2019,Beto O'Rourke,250,1957,0.127746551,"(""Beto O'Rourke"")"
9/15/2019,Beto O'Rourke,158,2071,0.076291647,"(""Beto O'Rourke"")"
9/22/2019,Beto O'Rourke,76,3682,0.020640956,"(""Beto O'Rourke"")"
9/29/2019,Beto O'Rourke,51,3355,0.015201192,"(""Beto O'Rourke"")"
10/6/2019,Beto O'Rourke,75,2459,0.030500203,"(""Beto O'Rourke"")"
10/13/2019,Beto O'Rourke,155,2788,0.055595409,"(""Beto O'Rourke"")"
10/20/2019,Beto O'Rourke,79,1994,0.039618857,"(""Beto O'Rourke"")"
12/30/2018,Bill de Blasio,46,806,0.05707196,"(""Bill de Blasio"")"
1/6/2019,Bill de Blasio,80,915,0.087431694,"(""Bill de Blasio"")"
1/13/2019,Bill de Blasio,66,1052,0.062737643,"(""Bill de Blasio"")"
1/20/2019,Bill de Blasio,41,1024,0.040039063,"(""Bill de Blasio"")"
1/27/2019,Bill de Blasio,71,1605,0.04423676,"(""Bill de Blasio"")"
2/3/2019,Bill de Blasio,59,1428,0.041316527,"(""Bill de Blasio"")"
2/10/2019,Bill de Blasio,183,1612,0.113523573,"(""Bill de Blasio"")"
2/17/2019,Bill de Blasio,97,1406,0.068990043,"(""Bill de Blasio"")"
2/24/2019,Bill de Blasio,56,1286,0.043545879,"(""Bill de Blasio"")"
3/3/2019,Bill de Blasio,52,1485,0.035016835,"(""Bill de Blasio"")"
3/10/2019,Bill de Blasio,95,1810,0.052486188,"(""Bill de Blasio"")"
3/17/2019,Bill de Blasio,62,1591,0.038969202,"(""Bill de Blasio"")"
3/24/2019,Bill de Blasio,38,1166,0.032590051,"(""Bill de Blasio"")"
3/31/2019,Bill de Blasio,30,1714,0.017502917,"(""Bill de Blasio"")"
4/7/2019,Bill de Blasio,100,1600,0.0625,"(""Bill de Blasio"")"
4/14/2019,Bill de Blasio,67,1936,0.034607438,"(""Bill de Blasio"")"
4/21/2019,Bill de Blasio,40,2320,0.017241379,"(""Bill de Blasio"")"
4/28/2019,Bill de Blasio,46,1834,0.025081788,"(""Bill de Blasio"")"
5/5/2019,Bill de Blasio,38,1577,0.024096386,"(""Bill de Blasio"")"
5/12/2019,Bill de Blasio,288,1952,0.147540984,"(""Bill de Blasio"")"
5/19/2019,Bill de Blasio,114,1580,0.072151899,"(""Bill de Blasio"")"
5/26/2019,Bill de Blasio,88,1474,0.059701493,"(""Bill de Blasio"")"
6/2/2019,Bill de Blasio,152,1652,0.092009685,"(""Bill de Blasio"")"
6/9/2019,Bill de Blasio,217,2049,0.10590532,"(""Bill de Blasio"")"
6/16/2019,Bill de Blasio,171,1882,0.090860786,"(""Bill de Blasio"")"
6/23/2019,Bill de Blasio,538,3561,0.151081157,"(""Bill de Blasio"")"
6/30/2019,Bill de Blasio,110,1672,0.065789474,"(""Bill de Blasio"")"
7/7/2019,Bill de Blasio,211,1880,0.112234043,"(""Bill de Blasio"")"
7/14/2019,Bill de Blasio,272,1802,0.150943396,"(""Bill de Blasio"")"
7/21/2019,Bill de Blasio,135,1414,0.095473833,"(""Bill de Blasio"")"
7/28/2019,Bill de Blasio,466,3210,0.14517134,"(""Bill de Blasio"")"
8/4/2019,Bill de Blasio,140,1937,0.072276717,"(""Bill de Blasio"")"
8/11/2019,Bill de Blasio,117,1513,0.077329808,"(""Bill de Blasio"")"
8/18/2019,Bill de Blasio,111,1451,0.076498966,"(""Bill de Blasio"")"
8/25/2019,Bill de Blasio,75,950,0.078947368,"(""Bill de Blasio"")"
9/1/2019,Bill de Blasio,72,1309,0.05500382,"(""Bill de Blasio"")"
9/8/2019,Bill de Blasio,94,1957,0.048032703,"(""Bill de Blasio"")"
9/15/2019,Bill de Blasio,175,2071,0.084500241,"(""Bill de Blasio"")"
12/30/2018,Cory Booker,96,806,0.1191067,"(""Cory Booker"")"
1/6/2019,Cory Booker,132,915,0.144262295,"(""Cory Booker"")"
1/13/2019,Cory Booker,131,1052,0.124524715,"(""Cory Booker"")"
1/20/2019,Cory Booker,135,1024,0.131835938,"(""Cory Booker"")"
1/27/2019,Cory Booker,388,1605,0.241744548,"(""Cory Booker"")"
2/3/2019,Cory Booker,367,1428,0.257002801,"(""Cory Booker"")"
2/10/2019,Cory Booker,331,1612,0.205334988,"(""Cory Booker"")"
2/17/2019,Cory Booker,319,1406,0.22688478,"(""Cory Booker"")"
2/24/2019,Cory Booker,214,1286,0.166407465,"(""Cory Booker"")"
3/3/2019,Cory Booker,252,1485,0.16969697,"(""Cory Booker"")"
3/10/2019,Cory Booker,249,1810,0.137569061,"(""Cory Booker"")"
3/17/2019,Cory Booker,281,1591,0.176618479,"(""Cory Booker"")"
3/24/2019,Cory Booker,233,1166,0.199828473,"(""Cory Booker"")"
3/31/2019,Cory Booker,155,1714,0.090431739,"(""Cory Booker"")"
4/7/2019,Cory Booker,294,1600,0.18375,"(""Cory Booker"")"
4/14/2019,Cory Booker,316,1936,0.16322314,"(""Cory Booker"")"
4/21/2019,Cory Booker,273,2320,0.117672414,"(""Cory Booker"")"
4/28/2019,Cory Booker,230,1834,0.125408942,"(""Cory Booker"")"
5/5/2019,Cory Booker,246,1577,0.155992391,"(""Cory Booker"")"
5/12/2019,Cory Booker,250,1952,0.12807377,"(""Cory Booker"")"
5/19/2019,Cory Booker,182,1580,0.115189873,"(""Cory Booker"")"
5/26/2019,Cory Booker,236,1474,0.160108548,"(""Cory Booker"")"
6/2/2019,Cory Booker,211,1652,0.127723971,"(""Cory Booker"")"
6/9/2019,Cory Booker,325,2049,0.158613958,"(""Cory Booker"")"
6/16/2019,Cory Booker,458,1882,0.24335813,"(""Cory Booker"")"
6/23/2019,Cory Booker,910,3561,0.255546195,"(""Cory Booker"")"
6/30/2019,Cory Booker,289,1672,0.17284689,"(""Cory Booker"")"
7/7/2019,Cory Booker,203,1880,0.107978723,"(""Cory Booker"")"
7/14/2019,Cory Booker,289,1802,0.160377358,"(""Cory Booker"")"
7/21/2019,Cory Booker,288,1414,0.203677511,"(""Cory Booker"")"
7/28/2019,Cory Booker,682,3210,0.212461059,"(""Cory Booker"")"
8/4/2019,Cory Booker,395,1937,0.203923593,"(""Cory Booker"")"
8/11/2019,Cory Booker,237,1513,0.156642432,"(""Cory Booker"")"
8/18/2019,Cory Booker,192,1451,0.132322536,"(""Cory Booker"")"
8/25/2019,Cory Booker,144,950,0.151578947,"(""Cory Booker"")"
9/1/2019,Cory Booker,206,1309,0.15737204,"(""Cory Booker"")"
9/8/2019,Cory Booker,432,1957,0.22074604,"(""Cory Booker"")"
9/15/2019,Cory Booker,260,2071,0.125543216,"(""Cory Booker"")"
9/22/2019,Cory Booker,172,3682,0.046713743,"(""Cory Booker"")"
9/29/2019,Cory Booker,205,3355,0.061102832,"(""Cory Booker"")"
10/6/2019,Cory Booker,146,2459,0.059373729,"(""Cory Booker"")"
10/13/2019,Cory Booker,319,2788,0.114418938,"(""Cory Booker"")"
10/20/2019,Cory Booker,151,1994,0.075727182,"(""Cory Booker"")"
12/30/2018,Elizabeth Warren,443,806,0.549627792,"(""Elizabeth Warren"")"
1/6/2019,Elizabeth Warren,321,915,0.350819672,"(""Elizabeth Warren"")"
1/13/2019,Elizabeth Warren,325,1052,0.308935361,"(""Elizabeth Warren"")"
1/20/2019,Elizabeth Warren,330,1024,0.322265625,"(""Elizabeth Warren"")"
1/27/2019,Elizabeth Warren,604,1605,0.376323988,"(""Elizabeth Warren"")"
2/3/2019,Elizabeth Warren,586,1428,0.410364146,"(""Elizabeth Warren"")"
2/10/2019,Elizabeth Warren,548,1612,0.339950372,"(""Elizabeth Warren"")"
2/17/2019,Elizabeth Warren,438,1406,0.311522048,"(""Elizabeth Warren"")"
2/24/2019,Elizabeth Warren,395,1286,0.307153966,"(""Elizabeth Warren"")"
3/3/2019,Elizabeth Warren,502,1485,0.338047138,"(""Elizabeth Warren"")"
3/10/2019,Elizabeth Warren,599,1810,0.330939227,"(""Elizabeth Warren"")"
3/17/2019,Elizabeth Warren,542,1591,0.340666248,"(""Elizabeth Warren"")"
3/24/2019,Elizabeth Warren,362,1166,0.310463122,"(""Elizabeth Warren"")"
3/31/2019,Elizabeth Warren,358,1714,0.208868145,"(""Elizabeth Warren"")"
4/7/2019,Elizabeth Warren,456,1600,0.285,"(""Elizabeth Warren"")"
4/14/2019,Elizabeth Warren,553,1936,0.285640496,"(""Elizabeth Warren"")"
4/21/2019,Elizabeth Warren,826,2320,0.356034483,"(""Elizabeth Warren"")"
4/28/2019,Elizabeth Warren,438,1834,0.238822246,"(""Elizabeth Warren"")"
5/5/2019,Elizabeth Warren,442,1577,0.280279011,"(""Elizabeth Warren"")"
5/12/2019,Elizabeth Warren,616,1952,0.31557377,"(""Elizabeth Warren"")"
5/19/2019,Elizabeth Warren,450,1580,0.284810127,"(""Elizabeth Warren"")"
5/26/2019,Elizabeth Warren,429,1474,0.291044776,"(""Elizabeth Warren"")"
6/2/2019,Elizabeth Warren,592,1652,0.358353511,"(""Elizabeth Warren"")"
6/9/2019,Elizabeth Warren,719,2049,0.350902879,"(""Elizabeth Warren"")"
6/16/2019,Elizabeth Warren,585,1882,0.310839532,"(""Elizabeth Warren"")"
6/23/2019,Elizabeth Warren,1470,3561,0.412805392,"(""Elizabeth Warren"")"
6/30/2019,Elizabeth Warren,509,1672,0.304425837,"(""Elizabeth Warren"")"
7/7/2019,Elizabeth Warren,581,1880,0.309042553,"(""Elizabeth Warren"")"
7/14/2019,Elizabeth Warren,693,1802,0.384572697,"(""Elizabeth Warren"")"
7/21/2019,Elizabeth Warren,489,1414,0.34582744,"(""Elizabeth Warren"")"
7/28/2019,Elizabeth Warren,1217,3210,0.379127726,"(""Elizabeth Warren"")"
8/4/2019,Elizabeth Warren,610,1937,0.314919979,"(""Elizabeth Warren"")"
8/11/2019,Elizabeth Warren,521,1513,0.344348976,"(""Elizabeth Warren"")"
8/18/2019,Elizabeth Warren,584,1451,0.402481048,"(""Elizabeth Warren"")"
8/25/2019,Elizabeth Warren,393,950,0.413684211,"(""Elizabeth Warren"")"
9/1/2019,Elizabeth Warren,493,1309,0.376623377,"(""Elizabeth Warren"")"
9/8/2019,Elizabeth Warren,951,1957,0.485947879,"(""Elizabeth Warren"")"
9/15/2019,Elizabeth Warren,874,2071,0.422018349,"(""Elizabeth Warren"")"
9/22/2019,Elizabeth Warren,671,3682,0.182237914,"(""Elizabeth Warren"")"
9/29/2019,Elizabeth Warren,763,3355,0.227421759,"(""Elizabeth Warren"")"
10/6/2019,Elizabeth Warren,678,2459,0.275721838,"(""Elizabeth Warren"")"
10/13/2019,Elizabeth Warren,1174,2788,0.421090387,"(""Elizabeth Warren"")"
10/20/2019,Elizabeth Warren,758,1994,0.380140421,"(""Elizabeth Warren"")"
12/30/2018,Eric Swalwell,27,806,0.033498759,"(""Eric Swalwell"")"
1/6/2019,Eric Swalwell,12,915,0.013114754,"(""Eric Swalwell"")"
1/13/2019,Eric Swalwell,32,1052,0.030418251,"(""Eric Swalwell"")"
1/20/2019,Eric Swalwell,21,1024,0.020507813,"(""Eric Swalwell"")"
1/27/2019,Eric Swalwell,37,1605,0.02305296,"(""Eric Swalwell"")"
2/3/2019,Eric Swalwell,56,1428,0.039215686,"(""Eric Swalwell"")"
2/10/2019,Eric Swalwell,30,1612,0.018610422,"(""Eric Swalwell"")"
2/17/2019,Eric Swalwell,14,1406,0.009957326,"(""Eric Swalwell"")"
2/24/2019,Eric Swalwell,45,1286,0.034992224,"(""Eric Swalwell"")"
3/3/2019,Eric Swalwell,33,1485,0.022222222,"(""Eric Swalwell"")"
3/10/2019,Eric Swalwell,32,1810,0.017679558,"(""Eric Swalwell"")"
3/17/2019,Eric Swalwell,26,1591,0.016341923,"(""Eric Swalwell"")"
3/24/2019,Eric Swalwell,69,1166,0.059176672,"(""Eric Swalwell"")"
3/31/2019,Eric Swalwell,42,1714,0.024504084,"(""Eric Swalwell"")"
4/7/2019,Eric Swalwell,116,1600,0.0725,"(""Eric Swalwell"")"
4/14/2019,Eric Swalwell,137,1936,0.070764463,"(""Eric Swalwell"")"
4/21/2019,Eric Swalwell,73,2320,0.031465517,"(""Eric Swalwell"")"
4/28/2019,Eric Swalwell,84,1834,0.045801527,"(""Eric Swalwell"")"
5/5/2019,Eric Swalwell,68,1577,0.043119848,"(""Eric Swalwell"")"
5/12/2019,Eric Swalwell,58,1952,0.029713115,"(""Eric Swalwell"")"
5/19/2019,Eric Swalwell,73,1580,0.046202532,"(""Eric Swalwell"")"
5/26/2019,Eric Swalwell,67,1474,0.045454545,"(""Eric Swalwell"")"
6/2/2019,Eric Swalwell,80,1652,0.04842615,"(""Eric Swalwell"")"
6/9/2019,Eric Swalwell,150,2049,0.073206442,"(""Eric Swalwell"")"
6/16/2019,Eric Swalwell,79,1882,0.041976621,"(""Eric Swalwell"")"
6/23/2019,Eric Swalwell,431,3561,0.121033418,"(""Eric Swalwell"")"
6/30/2019,Eric Swalwell,65,1672,0.038875598,"(""Eric Swalwell"")"
7/7/2019,Eric Swalwell,144,1880,0.076595745,"(""Eric Swalwell"")"
12/30/2018,Jay Inslee,24,806,0.029776675,"(""Jay Inslee"")"
1/6/2019,Jay Inslee,37,915,0.040437158,"(""Jay Inslee"")"
1/13/2019,Jay Inslee,26,1052,0.024714829,"(""Jay Inslee"")"
1/20/2019,Jay Inslee,19,1024,0.018554688,"(""Jay Inslee"")"
1/27/2019,Jay Inslee,41,1605,0.025545171,"(""Jay Inslee"")"
2/3/2019,Jay Inslee,33,1428,0.023109244,"(""Jay Inslee"")"
2/10/2019,Jay Inslee,41,1612,0.025434243,"(""Jay Inslee"")"
2/17/2019,Jay Inslee,22,1406,0.015647226,"(""Jay Inslee"")"
2/24/2019,Jay Inslee,131,1286,0.101866252,"(""Jay Inslee"")"
3/3/2019,Jay Inslee,127,1485,0.085521886,"(""Jay Inslee"")"
3/10/2019,Jay Inslee,88,1810,0.048618785,"(""Jay Inslee"")"
3/17/2019,Jay Inslee,70,1591,0.043997486,"(""Jay Inslee"")"
3/24/2019,Jay Inslee,52,1166,0.044596913,"(""Jay Inslee"")"
3/31/2019,Jay Inslee,65,1714,0.037922987,"(""Jay Inslee"")"
4/7/2019,Jay Inslee,92,1600,0.0575,"(""Jay Inslee"")"
4/14/2019,Jay Inslee,111,1936,0.057334711,"(""Jay Inslee"")"
4/21/2019,Jay Inslee,74,2320,0.031896552,"(""Jay Inslee"")"
4/28/2019,Jay Inslee,104,1834,0.056706652,"(""Jay Inslee"")"
5/5/2019,Jay Inslee,61,1577,0.03868104,"(""Jay Inslee"")"
5/12/2019,Jay Inslee,137,1952,0.070184426,"(""Jay Inslee"")"
5/19/2019,Jay Inslee,106,1580,0.067088608,"(""Jay Inslee"")"
5/26/2019,Jay Inslee,97,1474,0.065807327,"(""Jay Inslee"")"
6/2/2019,Jay Inslee,134,1652,0.081113801,"(""Jay Inslee"")"
6/9/2019,Jay Inslee,137,2049,0.066861884,"(""Jay Inslee"")"
6/16/2019,Jay Inslee,82,1882,0.04357067,"(""Jay Inslee"")"
6/23/2019,Jay Inslee,425,3561,0.119348498,"(""Jay Inslee"")"
6/30/2019,Jay Inslee,62,1672,0.03708134,"(""Jay Inslee"")"
7/7/2019,Jay Inslee,100,1880,0.053191489,"(""Jay Inslee"")"
7/14/2019,Jay Inslee,131,1802,0.072697003,"(""Jay Inslee"")"
7/21/2019,Jay Inslee,51,1414,0.036067893,"(""Jay Inslee"")"
7/28/2019,Jay Inslee,305,3210,0.095015576,"(""Jay Inslee"")"
8/4/2019,Jay Inslee,78,1937,0.040268456,"(""Jay Inslee"")"
8/11/2019,Jay Inslee,50,1513,0.033046927,"(""Jay Inslee"")"
8/18/2019,Jay Inslee,176,1451,0.121295658,"(""Jay Inslee"")"
12/30/2018,Joe Biden,158,806,0.196029777,"(""Joe Biden"")"
1/6/2019,Joe Biden,162,915,0.17704918,"(""Joe Biden"")"
1/13/2019,Joe Biden,117,1052,0.11121673,"(""Joe Biden"")"
1/20/2019,Joe Biden,186,1024,0.181640625,"(""Joe Biden"")"
1/27/2019,Joe Biden,222,1605,0.138317757,"(""Joe Biden"")"
2/3/2019,Joe Biden,196,1428,0.137254902,"(""Joe Biden"")"
2/10/2019,Joe Biden,184,1612,0.114143921,"(""Joe Biden"")"
2/17/2019,Joe Biden,210,1406,0.149359886,"(""Joe Biden"")"
2/24/2019,Joe Biden,199,1286,0.15474339,"(""Joe Biden"")"
3/3/2019,Joe Biden,284,1485,0.191245791,"(""Joe Biden"")"
3/10/2019,Joe Biden,391,1810,0.216022099,"(""Joe Biden"")"
3/17/2019,Joe Biden,379,1591,0.238214959,"(""Joe Biden"")"
3/24/2019,Joe Biden,298,1166,0.255574614,"(""Joe Biden"")"
3/31/2019,Joe Biden,929,1714,0.542007001,"(""Joe Biden"")"
4/7/2019,Joe Biden,304,1600,0.19,"(""Joe Biden"")"
4/14/2019,Joe Biden,356,1936,0.183884298,"(""Joe Biden"")"
4/21/2019,Joe Biden,1020,2320,0.439655172,"(""Joe Biden"")"
4/28/2019,Joe Biden,806,1834,0.439476554,"(""Joe Biden"")"
5/5/2019,Joe Biden,640,1577,0.405833862,"(""Joe Biden"")"
5/12/2019,Joe Biden,691,1952,0.353995902,"(""Joe Biden"")"
5/19/2019,Joe Biden,543,1580,0.343670886,"(""Joe Biden"")"
5/26/2019,Joe Biden,672,1474,0.455902307,"(""Joe Biden"")"
6/2/2019,Joe Biden,751,1652,0.454600484,"(""Joe Biden"")"
6/9/2019,Joe Biden,1036,2049,0.505612494,"(""Joe Biden"")"
6/16/2019,Joe Biden,1038,1882,0.551540914,"(""Joe Biden"")"
6/23/2019,Joe Biden,1577,3561,0.442853131,"(""Joe Biden"")"
6/30/2019,Joe Biden,783,1672,0.468301435,"(""Joe Biden"")"
7/7/2019,Joe Biden,753,1880,0.400531915,"(""Joe Biden"")"
7/14/2019,Joe Biden,669,1802,0.371254162,"(""Joe Biden"")"
7/21/2019,Joe Biden,459,1414,0.324611033,"(""Joe Biden"")"
7/28/2019,Joe Biden,1400,3210,0.436137072,"(""Joe Biden"")"
8/4/2019,Joe Biden,722,1937,0.372741353,"(""Joe Biden"")"
8/11/2019,Joe Biden,476,1513,0.314606742,"(""Joe Biden"")"
8/18/2019,Joe Biden,538,1451,0.370778773,"(""Joe Biden"")"
8/25/2019,Joe Biden,437,950,0.46,"(""Joe Biden"")"
9/1/2019,Joe Biden,562,1309,0.429335371,"(""Joe Biden"")"
9/8/2019,Joe Biden,1004,1957,0.513030148,"(""Joe Biden"")"
9/15/2019,Joe Biden,933,2071,0.450507001,"(""Joe Biden"")"
9/22/2019,Joe Biden,3120,3682,0.847365562,"(""Joe Biden"")"
9/29/2019,Joe Biden,2596,3355,0.773770492,"(""Joe Biden"")"
10/6/2019,Joe Biden,1726,2459,0.701911346,"(""Joe Biden"")"
10/13/2019,Joe Biden,1651,2788,0.592180775,"(""Joe Biden"")"
10/20/2019,Joe Biden,1177,1994,0.590270812,"(""Joe Biden"")"
12/30/2018,Joe Sestak,0,806,0,"(""Joe Sestak"")"
1/6/2019,Joe Sestak,0,915,0,"(""Joe Sestak"")"
1/13/2019,Joe Sestak,1,1052,0.00095057,"(""Joe Sestak"")"
1/20/2019,Joe Sestak,0,1024,0,"(""Joe Sestak"")"
1/27/2019,Joe Sestak,0,1605,0,"(""Joe Sestak"")"
2/3/2019,Joe Sestak,0,1428,0,"(""Joe Sestak"")"
2/10/2019,Joe Sestak,1,1612,0.000620347,"(""Joe Sestak"")"
2/17/2019,Joe Sestak,0,1406,0,"(""Joe Sestak"")"
2/24/2019,Joe Sestak,1,1286,0.000777605,"(""Joe Sestak"")"
3/3/2019,Joe Sestak,6,1485,0.004040404,"(""Joe Sestak"")"
3/10/2019,Joe Sestak,0,1810,0,"(""Joe Sestak"")"
3/17/2019,Joe Sestak,0,1591,0,"(""Joe Sestak"")"
3/24/2019,Joe Sestak,0,1166,0,"(""Joe Sestak"")"
3/31/2019,Joe Sestak,0,1714,0,"(""Joe Sestak"")"
4/7/2019,Joe Sestak,1,1600,0.000625,"(""Joe Sestak"")"
4/14/2019,Joe Sestak,0,1936,0,"(""Joe Sestak"")"
4/21/2019,Joe Sestak,0,2320,0,"(""Joe Sestak"")"
4/28/2019,Joe Sestak,0,1834,0,"(""Joe Sestak"")"
5/5/2019,Joe Sestak,0,1577,0,"(""Joe Sestak"")"
5/12/2019,Joe Sestak,0,1952,0,"(""Joe Sestak"")"
5/19/2019,Joe Sestak,0,1580,0,"(""Joe Sestak"")"
5/26/2019,Joe Sestak,0,1474,0,"(""Joe Sestak"")"
6/2/2019,Joe Sestak,0,1652,0,"(""Joe Sestak"")"
6/9/2019,Joe Sestak,0,2049,0,"(""Joe Sestak"")"
6/16/2019,Joe Sestak,0,1882,0,"(""Joe Sestak"")"
6/23/2019,Joe Sestak,44,3561,0.01235608,"(""Joe Sestak"")"
6/30/2019,Joe Sestak,12,1672,0.007177033,"(""Joe Sestak"")"
7/7/2019,Joe Sestak,19,1880,0.010106383,"(""Joe Sestak"")"
7/14/2019,Joe Sestak,34,1802,0.018867925,"(""Joe Sestak"")"
7/21/2019,Joe Sestak,3,1414,0.002121641,"(""Joe Sestak"")"
7/28/2019,Joe Sestak,19,3210,0.005919003,"(""Joe Sestak"")"
8/4/2019,Joe Sestak,18,1937,0.009292721,"(""Joe Sestak"")"
8/11/2019,Joe Sestak,23,1513,0.015201586,"(""Joe Sestak"")"
8/18/2019,Joe Sestak,13,1451,0.008959338,"(""Joe Sestak"")"
8/25/2019,Joe Sestak,15,950,0.015789474,"(""Joe Sestak"")"
9/1/2019,Joe Sestak,7,1309,0.005347594,"(""Joe Sestak"")"
9/8/2019,Joe Sestak,29,1957,0.0148186,"(""Joe Sestak"")"
9/15/2019,Joe Sestak,21,2071,0.010140029,"(""Joe Sestak"")"
9/22/2019,Joe Sestak,11,3682,0.002987507,"(""Joe Sestak"")"
9/29/2019,Joe Sestak,7,3355,0.002086438,"(""Joe Sestak"")"
10/6/2019,Joe Sestak,5,2459,0.002033347,"(""Joe Sestak"")"
10/13/2019,Joe Sestak,22,2788,0.007890961,"(""Joe Sestak"")"
10/20/2019,Joe Sestak,6,1994,0.003009027,"(""Joe Sestak"")"
12/30/2018,John Delaney,38,806,0.047146402,"(""John Delaney"")"
1/6/2019,John Delaney,51,915,0.055737705,"(""John Delaney"")"
1/13/2019,John Delaney,41,1052,0.038973384,"(""John Delaney"")"
1/20/2019,John Delaney,35,1024,0.034179688,"(""John Delaney"")"
1/27/2019,John Delaney,51,1605,0.031775701,"(""John Delaney"")"
2/3/2019,John Delaney,18,1428,0.012605042,"(""John Delaney"")"
2/10/2019,John Delaney,40,1612,0.024813896,"(""John Delaney"")"
2/17/2019,John Delaney,32,1406,0.022759602,"(""John Delaney"")"
2/24/2019,John Delaney,21,1286,0.016329705,"(""John Delaney"")"
3/3/2019,John Delaney,38,1485,0.025589226,"(""John Delaney"")"
3/10/2019,John Delaney,46,1810,0.025414365,"(""John Delaney"")"
3/17/2019,John Delaney,49,1591,0.03079824,"(""John Delaney"")"
3/24/2019,John Delaney,49,1166,0.042024014,"(""John Delaney"")"
3/31/2019,John Delaney,32,1714,0.018669778,"(""John Delaney"")"
4/7/2019,John Delaney,37,1600,0.023125,"(""John Delaney"")"
4/14/2019,John Delaney,51,1936,0.026342975,"(""John Delaney"")"
4/21/2019,John Delaney,38,2320,0.01637931,"(""John Delaney"")"
4/28/2019,John Delaney,40,1834,0.021810251,"(""John Delaney"")"
5/5/2019,John Delaney,28,1577,0.017755231,"(""John Delaney"")"
5/12/2019,John Delaney,57,1952,0.02920082,"(""John Delaney"")"
5/19/2019,John Delaney,48,1580,0.030379747,"(""John Delaney"")"
5/26/2019,John Delaney,49,1474,0.033242877,"(""John Delaney"")"
6/2/2019,John Delaney,86,1652,0.052058111,"(""John Delaney"")"
6/9/2019,John Delaney,130,2049,0.063445583,"(""John Delaney"")"
6/16/2019,John Delaney,64,1882,0.034006376,"(""John Delaney"")"
6/23/2019,John Delaney,365,3561,0.102499298,"(""John Delaney"")"
6/30/2019,John Delaney,51,1672,0.030502392,"(""John Delaney"")"
7/7/2019,John Delaney,50,1880,0.026595745,"(""John Delaney"")"
7/14/2019,John Delaney,96,1802,0.05327414,"(""John Delaney"")"
7/21/2019,John Delaney,37,1414,0.026166902,"(""John Delaney"")"
7/28/2019,John Delaney,475,3210,0.147975078,"(""John Delaney"")"
8/4/2019,John Delaney,68,1937,0.035105834,"(""John Delaney"")"
8/11/2019,John Delaney,54,1513,0.035690681,"(""John Delaney"")"
8/18/2019,John Delaney,58,1451,0.039972433,"(""John Delaney"")"
8/25/2019,John Delaney,35,950,0.036842105,"(""John Delaney"")"
9/1/2019,John Delaney,25,1309,0.019098549,"(""John Delaney"")"
9/8/2019,John Delaney,62,1957,0.031681145,"(""John Delaney"")"
9/15/2019,John Delaney,35,2071,0.016900048,"(""John Delaney"")"
9/22/2019,John Delaney,22,3682,0.005975014,"(""John Delaney"")"
9/29/2019,John Delaney,13,3355,0.003874814,"(""John Delaney"")"
10/6/2019,John Delaney,9,2459,0.003660024,"(""John Delaney"")"
10/13/2019,John Delaney,34,2788,0.012195122,"(""John Delaney"")"
10/20/2019,John Delaney,23,1994,0.011534604,"(""John Delaney"")"
12/30/2018,John Hickenlooper,10,806,0.012406948,"(""John Hickenlooper"")"
1/6/2019,John Hickenlooper,10,915,0.010928962,"(""John Hickenlooper"")"
1/13/2019,John Hickenlooper,9,1052,0.008555133,"(""John Hickenlooper"")"
1/20/2019,John Hickenlooper,15,1024,0.014648438,"(""John Hickenlooper"")"
1/27/2019,John Hickenlooper,28,1605,0.017445483,"(""John Hickenlooper"")"
2/3/2019,John Hickenlooper,30,1428,0.021008403,"(""John Hickenlooper"")"
2/10/2019,John Hickenlooper,26,1612,0.016129032,"(""John Hickenlooper"")"
2/17/2019,John Hickenlooper,17,1406,0.012091038,"(""John Hickenlooper"")"
2/24/2019,John Hickenlooper,33,1286,0.025660964,"(""John Hickenlooper"")"
3/3/2019,John Hickenlooper,178,1485,0.11986532,"(""John Hickenlooper"")"
3/10/2019,John Hickenlooper,80,1810,0.044198895,"(""John Hickenlooper"")"
3/17/2019,John Hickenlooper,95,1591,0.059710874,"(""John Hickenlooper"")"
3/24/2019,John Hickenlooper,57,1166,0.048885077,"(""John Hickenlooper"")"
3/31/2019,John Hickenlooper,53,1714,0.03092182,"(""John Hickenlooper"")"
4/7/2019,John Hickenlooper,47,1600,0.029375,"(""John Hickenlooper"")"
4/14/2019,John Hickenlooper,55,1936,0.028409091,"(""John Hickenlooper"")"
4/21/2019,John Hickenlooper,63,2320,0.027155172,"(""John Hickenlooper"")"
4/28/2019,John Hickenlooper,87,1834,0.047437296,"(""John Hickenlooper"")"
5/5/2019,John Hickenlooper,30,1577,0.019023462,"(""John Hickenlooper"")"
5/12/2019,John Hickenlooper,64,1952,0.032786885,"(""John Hickenlooper"")"
5/19/2019,John Hickenlooper,55,1580,0.034810127,"(""John Hickenlooper"")"
5/26/2019,John Hickenlooper,61,1474,0.041383989,"(""John Hickenlooper"")"
6/2/2019,John Hickenlooper,88,1652,0.053268765,"(""John Hickenlooper"")"
6/9/2019,John Hickenlooper,143,2049,0.069790142,"(""John Hickenlooper"")"
6/16/2019,John Hickenlooper,77,1882,0.040913921,"(""John Hickenlooper"")"
6/23/2019,John Hickenlooper,299,3561,0.083965178,"(""John Hickenlooper"")"
6/30/2019,John Hickenlooper,63,1672,0.037679426,"(""John Hickenlooper"")"
7/7/2019,John Hickenlooper,61,1880,0.032446809,"(""John Hickenlooper"")"
7/14/2019,John Hickenlooper,120,1802,0.066592675,"(""John Hickenlooper"")"
7/21/2019,John Hickenlooper,46,1414,0.032531825,"(""John Hickenlooper"")"
7/28/2019,John Hickenlooper,336,3210,0.104672897,"(""John Hickenlooper"")"
8/4/2019,John Hickenlooper,71,1937,0.036654621,"(""John Hickenlooper"")"
8/11/2019,John Hickenlooper,137,1513,0.090548579,"(""John Hickenlooper"")"
12/30/2018,Julian Castro,47,806,0.058312655,"(""Julian Castro"" OR ""Julián Castro"")"
1/6/2019,Julian Castro,118,915,0.128961749,"(""Julian Castro"" OR ""Julián Castro"")"
1/13/2019,Julian Castro,159,1052,0.151140684,"(""Julian Castro"" OR ""Julián Castro"")"
1/20/2019,Julian Castro,86,1024,0.083984375,"(""Julian Castro"" OR ""Julián Castro"")"
1/27/2019,Julian Castro,207,1605,0.128971963,"(""Julian Castro"" OR ""Julián Castro"")"
2/3/2019,Julian Castro,82,1428,0.057422969,"(""Julian Castro"" OR ""Julián Castro"")"
2/10/2019,Julian Castro,70,1612,0.043424318,"(""Julian Castro"" OR ""Julián Castro"")"
2/17/2019,Julian Castro,66,1406,0.046941679,"(""Julian Castro"" OR ""Julián Castro"")"
2/24/2019,Julian Castro,82,1286,0.063763608,"(""Julian Castro"" OR ""Julián Castro"")"
3/3/2019,Julian Castro,72,1485,0.048484848,"(""Julian Castro"" OR ""Julián Castro"")"
3/10/2019,Julian Castro,106,1810,0.058563536,"(""Julian Castro"" OR ""Julián Castro"")"
3/17/2019,Julian Castro,104,1591,0.065367693,"(""Julian Castro"" OR ""Julián Castro"")"
3/24/2019,Julian Castro,75,1166,0.06432247,"(""Julian Castro"" OR ""Julián Castro"")"
3/31/2019,Julian Castro,126,1714,0.073512252,"(""Julian Castro"" OR ""Julián Castro"")"
4/7/2019,Julian Castro,123,1600,0.076875,"(""Julian Castro"" OR ""Julián Castro"")"
4/14/2019,Julian Castro,106,1936,0.054752066,"(""Julian Castro"" OR ""Julián Castro"")"
4/21/2019,Julian Castro,156,2320,0.067241379,"(""Julian Castro"" OR ""Julián Castro"")"
4/28/2019,Julian Castro,89,1834,0.048527808,"(""Julian Castro"" OR ""Julián Castro"")"
5/5/2019,Julian Castro,59,1577,0.037412809,"(""Julian Castro"" OR ""Julián Castro"")"
5/12/2019,Julian Castro,86,1952,0.044057377,"(""Julian Castro"" OR ""Julián Castro"")"
5/19/2019,Julian Castro,86,1580,0.05443038,"(""Julian Castro"" OR ""Julián Castro"")"
5/26/2019,Julian Castro,101,1474,0.068521031,"(""Julian Castro"" OR ""Julián Castro"")"
6/2/2019,Julian Castro,91,1652,0.055084746,"(""Julian Castro"" OR ""Julián Castro"")"
6/9/2019,Julian Castro,186,2049,0.090775988,"(""Julian Castro"" OR ""Julián Castro"")"
6/16/2019,Julian Castro,127,1882,0.067481403,"(""Julian Castro"" OR ""Julián Castro"")"
6/23/2019,Julian Castro,716,3561,0.201067116,"(""Julian Castro"" OR ""Julián Castro"")"
6/30/2019,Julian Castro,250,1672,0.149521531,"(""Julian Castro"" OR ""Julián Castro"")"
7/7/2019,Julian Castro,142,1880,0.075531915,"(""Julian Castro"" OR ""Julián Castro"")"
7/14/2019,Julian Castro,180,1802,0.099889012,"(""Julian Castro"" OR ""Julián Castro"")"
7/21/2019,Julian Castro,97,1414,0.068599717,"(""Julian Castro"" OR ""Julián Castro"")"
7/28/2019,Julian Castro,460,3210,0.143302181,"(""Julian Castro"" OR ""Julián Castro"")"
8/4/2019,Julian Castro,199,1937,0.10273619,"(""Julian Castro"" OR ""Julián Castro"")"
8/11/2019,Julian Castro,117,1513,0.077329808,"(""Julian Castro"" OR ""Julián Castro"")"
8/18/2019,Julian Castro,126,1451,0.086836664,"(""Julian Castro"" OR ""Julián Castro"")"
8/25/2019,Julian Castro,109,950,0.114736842,"(""Julian Castro"" OR ""Julián Castro"")"
9/1/2019,Julian Castro,179,1309,0.136745607,"(""Julian Castro"" OR ""Julián Castro"")"
9/8/2019,Julian Castro,457,1957,0.233520695,"(""Julian Castro"" OR ""Julián Castro"")"
9/15/2019,Julian Castro,252,2071,0.121680348,"(""Julian Castro"" OR ""Julián Castro"")"
9/22/2019,Julian Castro,109,3682,0.029603476,"(""Julian Castro"" OR ""Julián Castro"")"
9/29/2019,Julian Castro,80,3355,0.023845007,"(""Julian Castro"" OR ""Julián Castro"")"
10/6/2019,Julian Castro,52,2459,0.021146808,"(""Julian Castro"" OR ""Julián Castro"")"
10/13/2019,Julian Castro,88,2788,0.031563845,"(""Julian Castro"" OR ""Julián Castro"")"
10/20/2019,Julian Castro,38,1994,0.019057172,"(""Julian Castro"" OR ""Julián Castro"")"
12/30/2018,Kamala Harris,138,806,0.171215881,"(""Kamala Harris"")"
1/6/2019,Kamala Harris,236,915,0.257923497,"(""Kamala Harris"")"
1/13/2019,Kamala Harris,220,1052,0.209125475,"(""Kamala Harris"")"
1/20/2019,Kamala Harris,422,1024,0.412109375,"(""Kamala Harris"")"
1/27/2019,Kamala Harris,808,1605,0.503426791,"(""Kamala Harris"")"
2/3/2019,Kamala Harris,454,1428,0.317927171,"(""Kamala Harris"")"
2/10/2019,Kamala Harris,481,1612,0.298387097,"(""Kamala Harris"")"
2/17/2019,Kamala Harris,507,1406,0.36059744,"(""Kamala Harris"")"
2/24/2019,Kamala Harris,395,1286,0.307153966,"(""Kamala Harris"")"
3/3/2019,Kamala Harris,386,1485,0.25993266,"(""Kamala Harris"")"
3/10/2019,Kamala Harris,353,1810,0.195027624,"(""Kamala Harris"")"
3/17/2019,Kamala Harris,387,1591,0.243243243,"(""Kamala Harris"")"
3/24/2019,Kamala Harris,332,1166,0.284734134,"(""Kamala Harris"")"
3/31/2019,Kamala Harris,305,1714,0.177946324,"(""Kamala Harris"")"
4/7/2019,Kamala Harris,348,1600,0.2175,"(""Kamala Harris"")"
4/14/2019,Kamala Harris,438,1936,0.226239669,"(""Kamala Harris"")"
4/21/2019,Kamala Harris,539,2320,0.232327586,"(""Kamala Harris"")"
4/28/2019,Kamala Harris,418,1834,0.227917121,"(""Kamala Harris"")"
5/5/2019,Kamala Harris,313,1577,0.198478123,"(""Kamala Harris"")"
5/12/2019,Kamala Harris,464,1952,0.237704918,"(""Kamala Harris"")"
5/19/2019,Kamala Harris,271,1580,0.171518987,"(""Kamala Harris"")"
5/26/2019,Kamala Harris,359,1474,0.243554953,"(""Kamala Harris"")"
6/2/2019,Kamala Harris,340,1652,0.205811138,"(""Kamala Harris"")"
6/9/2019,Kamala Harris,461,2049,0.224987799,"(""Kamala Harris"")"
6/16/2019,Kamala Harris,400,1882,0.212539851,"(""Kamala Harris"")"
6/23/2019,Kamala Harris,1173,3561,0.329401853,"(""Kamala Harris"")"
6/30/2019,Kamala Harris,757,1672,0.452751196,"(""Kamala Harris"")"
7/7/2019,Kamala Harris,571,1880,0.303723404,"(""Kamala Harris"")"
7/14/2019,Kamala Harris,567,1802,0.314650388,"(""Kamala Harris"")"
7/21/2019,Kamala Harris,424,1414,0.299858557,"(""Kamala Harris"")"
7/28/2019,Kamala Harris,1108,3210,0.34517134,"(""Kamala Harris"")"
8/4/2019,Kamala Harris,377,1937,0.194630872,"(""Kamala Harris"")"
8/11/2019,Kamala Harris,358,1513,0.236615995,"(""Kamala Harris"")"
8/18/2019,Kamala Harris,283,1451,0.195037905,"(""Kamala Harris"")"
8/25/2019,Kamala Harris,234,950,0.246315789,"(""Kamala Harris"")"
9/1/2019,Kamala Harris,333,1309,0.254392666,"(""Kamala Harris"")"
9/8/2019,Kamala Harris,627,1957,0.32038835,"(""Kamala Harris"")"
9/15/2019,Kamala Harris,459,2071,0.221632062,"(""Kamala Harris"")"
9/22/2019,Kamala Harris,257,3682,0.069799022,"(""Kamala Harris"")"
9/29/2019,Kamala Harris,370,3355,0.110283159,"(""Kamala Harris"")"
10/6/2019,Kamala Harris,271,2459,0.110207401,"(""Kamala Harris"")"
10/13/2019,Kamala Harris,435,2788,0.156025825,"(""Kamala Harris"")"
10/20/2019,Kamala Harris,250,1994,0.125376128,"(""Kamala Harris"")"
12/30/2018,Kirsten Gillibrand,63,806,0.078163772,"(""Kirsten Gillibrand"")"
1/6/2019,Kirsten Gillibrand,68,915,0.07431694,"(""Kirsten Gillibrand"")"
1/13/2019,Kirsten Gillibrand,258,1052,0.245247148,"(""Kirsten Gillibrand"")"
1/20/2019,Kirsten Gillibrand,238,1024,0.232421875,"(""Kirsten Gillibrand"")"
1/27/2019,Kirsten Gillibrand,304,1605,0.1894081,"(""Kirsten Gillibrand"")"
2/3/2019,Kirsten Gillibrand,301,1428,0.210784314,"(""Kirsten Gillibrand"")"
2/10/2019,Kirsten Gillibrand,280,1612,0.17369727,"(""Kirsten Gillibrand"")"
2/17/2019,Kirsten Gillibrand,233,1406,0.16571835,"(""Kirsten Gillibrand"")"
2/24/2019,Kirsten Gillibrand,176,1286,0.136858476,"(""Kirsten Gillibrand"")"
3/3/2019,Kirsten Gillibrand,166,1485,0.111784512,"(""Kirsten Gillibrand"")"
3/10/2019,Kirsten Gillibrand,184,1810,0.101657459,"(""Kirsten Gillibrand"")"
3/17/2019,Kirsten Gillibrand,276,1591,0.173475801,"(""Kirsten Gillibrand"")"
3/24/2019,Kirsten Gillibrand,186,1166,0.159519726,"(""Kirsten Gillibrand"")"
3/31/2019,Kirsten Gillibrand,169,1714,0.098599767,"(""Kirsten Gillibrand"")"
4/7/2019,Kirsten Gillibrand,212,1600,0.1325,"(""Kirsten Gillibrand"")"
4/14/2019,Kirsten Gillibrand,223,1936,0.11518595,"(""Kirsten Gillibrand"")"
4/21/2019,Kirsten Gillibrand,150,2320,0.064655172,"(""Kirsten Gillibrand"")"
4/28/2019,Kirsten Gillibrand,147,1834,0.080152672,"(""Kirsten Gillibrand"")"
5/5/2019,Kirsten Gillibrand,125,1577,0.079264426,"(""Kirsten Gillibrand"")"
5/12/2019,Kirsten Gillibrand,233,1952,0.119364754,"(""Kirsten Gillibrand"")"
5/19/2019,Kirsten Gillibrand,204,1580,0.129113924,"(""Kirsten Gillibrand"")"
5/26/2019,Kirsten Gillibrand,151,1474,0.102442334,"(""Kirsten Gillibrand"")"
6/2/2019,Kirsten Gillibrand,233,1652,0.141041162,"(""Kirsten Gillibrand"")"
6/9/2019,Kirsten Gillibrand,277,2049,0.135187897,"(""Kirsten Gillibrand"")"
6/16/2019,Kirsten Gillibrand,130,1882,0.069075452,"(""Kirsten Gillibrand"")"
6/23/2019,Kirsten Gillibrand,438,3561,0.122999158,"(""Kirsten Gillibrand"")"
6/30/2019,Kirsten Gillibrand,118,1672,0.070574163,"(""Kirsten Gillibrand"")"
7/7/2019,Kirsten Gillibrand,142,1880,0.075531915,"(""Kirsten Gillibrand"")"
7/14/2019,Kirsten Gillibrand,238,1802,0.132075472,"(""Kirsten Gillibrand"")"
7/21/2019,Kirsten Gillibrand,166,1414,0.117397454,"(""Kirsten Gillibrand"")"
7/28/2019,Kirsten Gillibrand,408,3210,0.127102804,"(""Kirsten Gillibrand"")"
8/4/2019,Kirsten Gillibrand,130,1937,0.067114094,"(""Kirsten Gillibrand"")"
8/11/2019,Kirsten Gillibrand,154,1513,0.101784534,"(""Kirsten Gillibrand"")"
8/18/2019,Kirsten Gillibrand,118,1451,0.081323225,"(""Kirsten Gillibrand"")"
8/25/2019,Kirsten Gillibrand,105,950,0.110526316,"(""Kirsten Gillibrand"")"
12/30/2018,Marianne Williamson,1,806,0.001240695,"(""Marianne Williamson"")"
1/6/2019,Marianne Williamson,1,915,0.001092896,"(""Marianne Williamson"")"
1/13/2019,Marianne Williamson,2,1052,0.001901141,"(""Marianne Williamson"")"
1/20/2019,Marianne Williamson,3,1024,0.002929688,"(""Marianne Williamson"")"
1/27/2019,Marianne Williamson,18,1605,0.011214953,"(""Marianne Williamson"")"
2/3/2019,Marianne Williamson,7,1428,0.004901961,"(""Marianne Williamson"")"
2/10/2019,Marianne Williamson,21,1612,0.013027295,"(""Marianne Williamson"")"
2/17/2019,Marianne Williamson,14,1406,0.009957326,"(""Marianne Williamson"")"
2/24/2019,Marianne Williamson,11,1286,0.008553655,"(""Marianne Williamson"")"
3/3/2019,Marianne Williamson,14,1485,0.009427609,"(""Marianne Williamson"")"
3/10/2019,Marianne Williamson,14,1810,0.007734807,"(""Marianne Williamson"")"
3/17/2019,Marianne Williamson,21,1591,0.013199246,"(""Marianne Williamson"")"
3/24/2019,Marianne Williamson,9,1166,0.007718696,"(""Marianne Williamson"")"
3/31/2019,Marianne Williamson,15,1714,0.008751459,"(""Marianne Williamson"")"
4/7/2019,Marianne Williamson,26,1600,0.01625,"(""Marianne Williamson"")"
4/14/2019,Marianne Williamson,37,1936,0.01911157,"(""Marianne Williamson"")"
4/21/2019,Marianne Williamson,24,2320,0.010344828,"(""Marianne Williamson"")"
4/28/2019,Marianne Williamson,23,1834,0.012540894,"(""Marianne Williamson"")"
5/5/2019,Marianne Williamson,26,1577,0.016487001,"(""Marianne Williamson"")"
5/12/2019,Marianne Williamson,42,1952,0.021516393,"(""Marianne Williamson"")"
5/19/2019,Marianne Williamson,42,1580,0.026582278,"(""Marianne Williamson"")"
5/26/2019,Marianne Williamson,29,1474,0.019674355,"(""Marianne Williamson"")"
6/2/2019,Marianne Williamson,31,1652,0.018765133,"(""Marianne Williamson"")"
6/9/2019,Marianne Williamson,102,2049,0.049780381,"(""Marianne Williamson"")"
6/16/2019,Marianne Williamson,75,1882,0.039851222,"(""Marianne Williamson"")"
6/23/2019,Marianne Williamson,430,3561,0.120752598,"(""Marianne Williamson"")"
6/30/2019,Marianne Williamson,97,1672,0.058014354,"(""Marianne Williamson"")"
7/7/2019,Marianne Williamson,71,1880,0.037765957,"(""Marianne Williamson"")"
7/14/2019,Marianne Williamson,112,1802,0.062153163,"(""Marianne Williamson"")"
7/21/2019,Marianne Williamson,50,1414,0.035360679,"(""Marianne Williamson"")"
7/28/2019,Marianne Williamson,513,3210,0.159813084,"(""Marianne Williamson"")"
8/4/2019,Marianne Williamson,96,1937,0.049561177,"(""Marianne Williamson"")"
8/11/2019,Marianne Williamson,61,1513,0.04031725,"(""Marianne Williamson"")"
8/18/2019,Marianne Williamson,76,1451,0.052377671,"(""Marianne Williamson"")"
8/25/2019,Marianne Williamson,59,950,0.062105263,"(""Marianne Williamson"")"
9/1/2019,Marianne Williamson,64,1309,0.048892284,"(""Marianne Williamson"")"
9/8/2019,Marianne Williamson,100,1957,0.05109862,"(""Marianne Williamson"")"
9/15/2019,Marianne Williamson,69,2071,0.033317238,"(""Marianne Williamson"")"
9/22/2019,Marianne Williamson,23,3682,0.006246605,"(""Marianne Williamson"")"
9/29/2019,Marianne Williamson,44,3355,0.013114754,"(""Marianne Williamson"")"
10/6/2019,Marianne Williamson,17,2459,0.006913379,"(""Marianne Williamson"")"
10/13/2019,Marianne Williamson,55,2788,0.019727403,"(""Marianne Williamson"")"
10/20/2019,Marianne Williamson,31,1994,0.01554664,"(""Marianne Williamson"")"
12/30/2018,Michael Bennet,2,806,0.00248139,"(""Michael Bennet"")"
1/6/2019,Michael Bennet,7,915,0.007650273,"(""Michael Bennet"")"
1/13/2019,Michael Bennet,5,1052,0.004752852,"(""Michael Bennet"")"
1/20/2019,Michael Bennet,41,1024,0.040039063,"(""Michael Bennet"")"
1/27/2019,Michael Bennet,20,1605,0.012461059,"(""Michael Bennet"")"
2/3/2019,Michael Bennet,16,1428,0.011204482,"(""Michael Bennet"")"
2/10/2019,Michael Bennet,29,1612,0.017990074,"(""Michael Bennet"")"
2/17/2019,Michael Bennet,16,1406,0.011379801,"(""Michael Bennet"")"
2/24/2019,Michael Bennet,26,1286,0.020217729,"(""Michael Bennet"")"
3/3/2019,Michael Bennet,26,1485,0.017508418,"(""Michael Bennet"")"
3/10/2019,Michael Bennet,22,1810,0.012154696,"(""Michael Bennet"")"
3/17/2019,Michael Bennet,22,1591,0.013827781,"(""Michael Bennet"")"
3/24/2019,Michael Bennet,21,1166,0.018010292,"(""Michael Bennet"")"
3/31/2019,Michael Bennet,45,1714,0.026254376,"(""Michael Bennet"")"
4/7/2019,Michael Bennet,33,1600,0.020625,"(""Michael Bennet"")"
4/14/2019,Michael Bennet,15,1936,0.007747934,"(""Michael Bennet"")"
4/21/2019,Michael Bennet,11,2320,0.004741379,"(""Michael Bennet"")"
4/28/2019,Michael Bennet,80,1834,0.043620502,"(""Michael Bennet"")"
5/5/2019,Michael Bennet,75,1577,0.047558656,"(""Michael Bennet"")"
5/12/2019,Michael Bennet,73,1952,0.037397541,"(""Michael Bennet"")"
5/19/2019,Michael Bennet,59,1580,0.037341772,"(""Michael Bennet"")"
5/26/2019,Michael Bennet,74,1474,0.050203528,"(""Michael Bennet"")"
6/2/2019,Michael Bennet,50,1652,0.030266344,"(""Michael Bennet"")"
6/9/2019,Michael Bennet,111,2049,0.054172767,"(""Michael Bennet"")"
6/16/2019,Michael Bennet,64,1882,0.034006376,"(""Michael Bennet"")"
6/23/2019,Michael Bennet,296,3561,0.083122718,"(""Michael Bennet"")"
6/30/2019,Michael Bennet,71,1672,0.042464115,"(""Michael Bennet"")"
7/7/2019,Michael Bennet,61,1880,0.032446809,"(""Michael Bennet"")"
7/14/2019,Michael Bennet,101,1802,0.056048835,"(""Michael Bennet"")"
7/21/2019,Michael Bennet,43,1414,0.030410184,"(""Michael Bennet"")"
7/28/2019,Michael Bennet,237,3210,0.073831776,"(""Michael Bennet"")"
8/4/2019,Michael Bennet,58,1937,0.029943211,"(""Michael Bennet"")"
8/11/2019,Michael Bennet,64,1513,0.042300066,"(""Michael Bennet"")"
8/18/2019,Michael Bennet,55,1451,0.037904893,"(""Michael Bennet"")"
8/25/2019,Michael Bennet,54,950,0.056842105,"(""Michael Bennet"")"
9/1/2019,Michael Bennet,29,1309,0.022154316,"(""Michael Bennet"")"
9/8/2019,Michael Bennet,70,1957,0.035769034,"(""Michael Bennet"")"
9/15/2019,Michael Bennet,63,2071,0.030420087,"(""Michael Bennet"")"
9/22/2019,Michael Bennet,36,3682,0.009777295,"(""Michael Bennet"")"
9/29/2019,Michael Bennet,36,3355,0.010730253,"(""Michael Bennet"")"
10/6/2019,Michael Bennet,24,2459,0.009760065,"(""Michael Bennet"")"
10/13/2019,Michael Bennet,42,2788,0.015064562,"(""Michael Bennet"")"
10/20/2019,Michael Bennet,42,1994,0.02106319,"(""Michael Bennet"")"
12/30/2018,Mike Gravel,0,806,0,"(""Mike Gravel"")"
1/6/2019,Mike Gravel,0,915,0,"(""Mike Gravel"")"
1/13/2019,Mike Gravel,0,1052,0,"(""Mike Gravel"")"
1/20/2019,Mike Gravel,0,1024,0,"(""Mike Gravel"")"
1/27/2019,Mike Gravel,1,1605,0.000623053,"(""Mike Gravel"")"
2/3/2019,Mike Gravel,0,1428,0,"(""Mike Gravel"")"
2/10/2019,Mike Gravel,1,1612,0.000620347,"(""Mike Gravel"")"
2/17/2019,Mike Gravel,0,1406,0,"(""Mike Gravel"")"
2/24/2019,Mike Gravel,1,1286,0.000777605,"(""Mike Gravel"")"
3/3/2019,Mike Gravel,1,1485,0.000673401,"(""Mike Gravel"")"
3/10/2019,Mike Gravel,2,1810,0.001104972,"(""Mike Gravel"")"
3/17/2019,Mike Gravel,10,1591,0.006285355,"(""Mike Gravel"")"
3/24/2019,Mike Gravel,3,1166,0.002572899,"(""Mike Gravel"")"
3/31/2019,Mike Gravel,3,1714,0.001750292,"(""Mike Gravel"")"
4/7/2019,Mike Gravel,16,1600,0.01,"(""Mike Gravel"")"
4/14/2019,Mike Gravel,12,1936,0.006198347,"(""Mike Gravel"")"
4/21/2019,Mike Gravel,7,2320,0.003017241,"(""Mike Gravel"")"
4/28/2019,Mike Gravel,7,1834,0.003816794,"(""Mike Gravel"")"
5/5/2019,Mike Gravel,4,1577,0.002536462,"(""Mike Gravel"")"
5/12/2019,Mike Gravel,20,1952,0.010245902,"(""Mike Gravel"")"
5/19/2019,Mike Gravel,15,1580,0.009493671,"(""Mike Gravel"")"
5/26/2019,Mike Gravel,10,1474,0.006784261,"(""Mike Gravel"")"
6/2/2019,Mike Gravel,17,1652,0.010290557,"(""Mike Gravel"")"
6/9/2019,Mike Gravel,45,2049,0.021961933,"(""Mike Gravel"")"
6/16/2019,Mike Gravel,21,1882,0.011158342,"(""Mike Gravel"")"
6/23/2019,Mike Gravel,35,3561,0.0098287,"(""Mike Gravel"")"
6/30/2019,Mike Gravel,14,1672,0.008373206,"(""Mike Gravel"")"
7/7/2019,Mike Gravel,26,1880,0.013829787,"(""Mike Gravel"")"
7/14/2019,Mike Gravel,28,1802,0.015538291,"(""Mike Gravel"")"
7/21/2019,Mike Gravel,4,1414,0.002828854,"(""Mike Gravel"")"
7/28/2019,Mike Gravel,23,3210,0.007165109,"(""Mike Gravel"")"
8/4/2019,Mike Gravel,22,1937,0.01135777,"(""Mike Gravel"")"
12/30/2018,Pete Buttigieg,8,806,0.009925558,"(""Pete Buttigieg"")"
1/6/2019,Pete Buttigieg,3,915,0.003278689,"(""Pete Buttigieg"")"
1/13/2019,Pete Buttigieg,19,1052,0.018060837,"(""Pete Buttigieg"")"
1/20/2019,Pete Buttigieg,89,1024,0.086914063,"(""Pete Buttigieg"")"
1/27/2019,Pete Buttigieg,69,1605,0.042990654,"(""Pete Buttigieg"")"
2/3/2019,Pete Buttigieg,53,1428,0.037114846,"(""Pete Buttigieg"")"
2/10/2019,Pete Buttigieg,59,1612,0.036600496,"(""Pete Buttigieg"")"
2/17/2019,Pete Buttigieg,52,1406,0.036984353,"(""Pete Buttigieg"")"
2/24/2019,Pete Buttigieg,37,1286,0.028771384,"(""Pete Buttigieg"")"
3/3/2019,Pete Buttigieg,58,1485,0.039057239,"(""Pete Buttigieg"")"
3/10/2019,Pete Buttigieg,146,1810,0.080662983,"(""Pete Buttigieg"")"
3/17/2019,Pete Buttigieg,203,1591,0.127592709,"(""Pete Buttigieg"")"
3/24/2019,Pete Buttigieg,176,1166,0.150943396,"(""Pete Buttigieg"")"
3/31/2019,Pete Buttigieg,308,1714,0.179696616,"(""Pete Buttigieg"")"
4/7/2019,Pete Buttigieg,443,1600,0.276875,"(""Pete Buttigieg"")"
4/14/2019,Pete Buttigieg,535,1936,0.276342975,"(""Pete Buttigieg"")"
4/21/2019,Pete Buttigieg,509,2320,0.219396552,"(""Pete Buttigieg"")"
4/28/2019,Pete Buttigieg,327,1834,0.1782988,"(""Pete Buttigieg"")"
5/5/2019,Pete Buttigieg,274,1577,0.173747622,"(""Pete Buttigieg"")"
5/12/2019,Pete Buttigieg,370,1952,0.18954918,"(""Pete Buttigieg"")"
5/19/2019,Pete Buttigieg,453,1580,0.286708861,"(""Pete Buttigieg"")"
5/26/2019,Pete Buttigieg,262,1474,0.177747626,"(""Pete Buttigieg"")"
6/2/2019,Pete Buttigieg,304,1652,0.18401937,"(""Pete Buttigieg"")"
6/9/2019,Pete Buttigieg,472,2049,0.230356271,"(""Pete Buttigieg"")"
6/16/2019,Pete Buttigieg,412,1882,0.218916047,"(""Pete Buttigieg"")"
6/23/2019,Pete Buttigieg,853,3561,0.239539455,"(""Pete Buttigieg"")"
6/30/2019,Pete Buttigieg,459,1672,0.274521531,"(""Pete Buttigieg"")"
7/7/2019,Pete Buttigieg,297,1880,0.157978723,"(""Pete Buttigieg"")"
7/14/2019,Pete Buttigieg,343,1802,0.190344062,"(""Pete Buttigieg"")"
7/21/2019,Pete Buttigieg,216,1414,0.152758133,"(""Pete Buttigieg"")"
7/28/2019,Pete Buttigieg,631,3210,0.196573209,"(""Pete Buttigieg"")"
8/4/2019,Pete Buttigieg,321,1937,0.165720186,"(""Pete Buttigieg"")"
8/11/2019,Pete Buttigieg,216,1513,0.142762723,"(""Pete Buttigieg"")"
8/18/2019,Pete Buttigieg,250,1451,0.172294969,"(""Pete Buttigieg"")"
8/25/2019,Pete Buttigieg,177,950,0.186315789,"(""Pete Buttigieg"")"
9/1/2019,Pete Buttigieg,298,1309,0.227654698,"(""Pete Buttigieg"")"
9/8/2019,Pete Buttigieg,487,1957,0.248850281,"(""Pete Buttigieg"")"
9/15/2019,Pete Buttigieg,380,2071,0.183486239,"(""Pete Buttigieg"")"
9/22/2019,Pete Buttigieg,216,3682,0.05866377,"(""Pete Buttigieg"")"
9/29/2019,Pete Buttigieg,285,3355,0.084947839,"(""Pete Buttigieg"")"
10/6/2019,Pete Buttigieg,184,2459,0.074827166,"(""Pete Buttigieg"")"
10/13/2019,Pete Buttigieg,555,2788,0.199067432,"(""Pete Buttigieg"")"
10/20/2019,Pete Buttigieg,362,1994,0.181544634,"(""Pete Buttigieg"")"
12/30/2018,Seth Moulton,11,806,0.013647643,"(""Seth Moulton"")"
1/6/2019,Seth Moulton,3,915,0.003278689,"(""Seth Moulton"")"
1/13/2019,Seth Moulton,12,1052,0.011406844,"(""Seth Moulton"")"
1/20/2019,Seth Moulton,4,1024,0.00390625,"(""Seth Moulton"")"
1/27/2019,Seth Moulton,9,1605,0.005607477,"(""Seth Moulton"")"
2/3/2019,Seth Moulton,6,1428,0.004201681,"(""Seth Moulton"")"
2/10/2019,Seth Moulton,21,1612,0.013027295,"(""Seth Moulton"")"
2/17/2019,Seth Moulton,5,1406,0.003556188,"(""Seth Moulton"")"
2/24/2019,Seth Moulton,7,1286,0.005443235,"(""Seth Moulton"")"
3/3/2019,Seth Moulton,14,1485,0.009427609,"(""Seth Moulton"")"
3/10/2019,Seth Moulton,14,1810,0.007734807,"(""Seth Moulton"")"
3/17/2019,Seth Moulton,11,1591,0.006913891,"(""Seth Moulton"")"
3/24/2019,Seth Moulton,12,1166,0.010291595,"(""Seth Moulton"")"
3/31/2019,Seth Moulton,26,1714,0.015169195,"(""Seth Moulton"")"
4/7/2019,Seth Moulton,13,1600,0.008125,"(""Seth Moulton"")"
4/14/2019,Seth Moulton,18,1936,0.009297521,"(""Seth Moulton"")"
4/21/2019,Seth Moulton,106,2320,0.045689655,"(""Seth Moulton"")"
4/28/2019,Seth Moulton,56,1834,0.030534351,"(""Seth Moulton"")"
5/5/2019,Seth Moulton,24,1577,0.01521877,"(""Seth Moulton"")"
5/12/2019,Seth Moulton,73,1952,0.037397541,"(""Seth Moulton"")"
5/19/2019,Seth Moulton,62,1580,0.039240506,"(""Seth Moulton"")"
5/26/2019,Seth Moulton,83,1474,0.056309362,"(""Seth Moulton"")"
6/2/2019,Seth Moulton,114,1652,0.069007264,"(""Seth Moulton"")"
6/9/2019,Seth Moulton,109,2049,0.053196681,"(""Seth Moulton"")"
6/16/2019,Seth Moulton,55,1882,0.02922423,"(""Seth Moulton"")"
6/23/2019,Seth Moulton,87,3561,0.02443134,"(""Seth Moulton"")"
6/30/2019,Seth Moulton,38,1672,0.022727273,"(""Seth Moulton"")"
7/7/2019,Seth Moulton,53,1880,0.028191489,"(""Seth Moulton"")"
7/14/2019,Seth Moulton,65,1802,0.036071032,"(""Seth Moulton"")"
7/21/2019,Seth Moulton,29,1414,0.020509194,"(""Seth Moulton"")"
7/28/2019,Seth Moulton,44,3210,0.013707165,"(""Seth Moulton"")"
8/4/2019,Seth Moulton,33,1937,0.017036655,"(""Seth Moulton"")"
8/11/2019,Seth Moulton,31,1513,0.020489095,"(""Seth Moulton"")"
8/18/2019,Seth Moulton,92,1451,0.063404549,"(""Seth Moulton"")"
12/30/2018,Steve Bullock,6,806,0.007444169,"(""Steve Bullock"")"
1/6/2019,Steve Bullock,10,915,0.010928962,"(""Steve Bullock"")"
1/13/2019,Steve Bullock,10,1052,0.009505703,"(""Steve Bullock"")"
1/20/2019,Steve Bullock,7,1024,0.006835938,"(""Steve Bullock"")"
1/27/2019,Steve Bullock,26,1605,0.016199377,"(""Steve Bullock"")"
2/3/2019,Steve Bullock,12,1428,0.008403361,"(""Steve Bullock"")"
2/10/2019,Steve Bullock,23,1612,0.01426799,"(""Steve Bullock"")"
2/17/2019,Steve Bullock,5,1406,0.003556188,"(""Steve Bullock"")"
2/24/2019,Steve Bullock,22,1286,0.017107309,"(""Steve Bullock"")"
3/3/2019,Steve Bullock,29,1485,0.01952862,"(""Steve Bullock"")"
3/10/2019,Steve Bullock,13,1810,0.00718232,"(""Steve Bullock"")"
3/17/2019,Steve Bullock,6,1591,0.003771213,"(""Steve Bullock"")"
3/24/2019,Steve Bullock,5,1166,0.004288165,"(""Steve Bullock"")"
3/31/2019,Steve Bullock,6,1714,0.003500583,"(""Steve Bullock"")"
4/7/2019,Steve Bullock,7,1600,0.004375,"(""Steve Bullock"")"
4/14/2019,Steve Bullock,11,1936,0.005681818,"(""Steve Bullock"")"
4/21/2019,Steve Bullock,6,2320,0.002586207,"(""Steve Bullock"")"
4/28/2019,Steve Bullock,34,1834,0.018538713,"(""Steve Bullock"")"
5/5/2019,Steve Bullock,14,1577,0.008877616,"(""Steve Bullock"")"
5/12/2019,Steve Bullock,142,1952,0.072745902,"(""Steve Bullock"")"
5/19/2019,Steve Bullock,53,1580,0.033544304,"(""Steve Bullock"")"
5/26/2019,Steve Bullock,36,1474,0.024423338,"(""Steve Bullock"")"
6/2/2019,Steve Bullock,53,1652,0.032082324,"(""Steve Bullock"")"
6/9/2019,Steve Bullock,133,2049,0.064909712,"(""Steve Bullock"")"
6/16/2019,Steve Bullock,66,1882,0.035069075,"(""Steve Bullock"")"
6/23/2019,Steve Bullock,80,3561,0.0224656,"(""Steve Bullock"")"
6/30/2019,Steve Bullock,41,1672,0.024521531,"(""Steve Bullock"")"
7/7/2019,Steve Bullock,54,1880,0.028723404,"(""Steve Bullock"")"
7/14/2019,Steve Bullock,114,1802,0.063263041,"(""Steve Bullock"")"
7/21/2019,Steve Bullock,29,1414,0.020509194,"(""Steve Bullock"")"
7/28/2019,Steve Bullock,376,3210,0.117133956,"(""Steve Bullock"")"
8/4/2019,Steve Bullock,90,1937,0.046463604,"(""Steve Bullock"")"
8/11/2019,Steve Bullock,74,1513,0.048909451,"(""Steve Bullock"")"
8/18/2019,Steve Bullock,54,1451,0.037215713,"(""Steve Bullock"")"
8/25/2019,Steve Bullock,61,950,0.064210526,"(""Steve Bullock"")"
9/1/2019,Steve Bullock,32,1309,0.024446142,"(""Steve Bullock"")"
9/8/2019,Steve Bullock,64,1957,0.032703117,"(""Steve Bullock"")"
9/15/2019,Steve Bullock,39,2071,0.018831482,"(""Steve Bullock"")"
9/22/2019,Steve Bullock,29,3682,0.007876154,"(""Steve Bullock"")"
9/29/2019,Steve Bullock,54,3355,0.01609538,"(""Steve Bullock"")"
10/6/2019,Steve Bullock,16,2459,0.00650671,"(""Steve Bullock"")"
10/13/2019,Steve Bullock,32,2788,0.011477762,"(""Steve Bullock"")"
10/20/2019,Steve Bullock,18,1994,0.009027081,"(""Steve Bullock"")"
12/30/2018,Tim Ryan,27,806,0.033498759,"(""Tim Ryan"")"
1/6/2019,Tim Ryan,10,915,0.010928962,"(""Tim Ryan"")"
1/13/2019,Tim Ryan,40,1052,0.038022814,"(""Tim Ryan"")"
1/20/2019,Tim Ryan,11,1024,0.010742188,"(""Tim Ryan"")"
1/27/2019,Tim Ryan,13,1605,0.008099688,"(""Tim Ryan"")"
2/3/2019,Tim Ryan,13,1428,0.009103641,"(""Tim Ryan"")"
2/10/2019,Tim Ryan,20,1612,0.012406948,"(""Tim Ryan"")"
2/17/2019,Tim Ryan,8,1406,0.0056899,"(""Tim Ryan"")"
2/24/2019,Tim Ryan,10,1286,0.00777605,"(""Tim Ryan"")"
3/3/2019,Tim Ryan,24,1485,0.016161616,"(""Tim Ryan"")"
3/10/2019,Tim Ryan,14,1810,0.007734807,"(""Tim Ryan"")"
3/17/2019,Tim Ryan,9,1591,0.00565682,"(""Tim Ryan"")"
3/24/2019,Tim Ryan,20,1166,0.017152659,"(""Tim Ryan"")"
3/31/2019,Tim Ryan,79,1714,0.046091015,"(""Tim Ryan"")"
4/7/2019,Tim Ryan,48,1600,0.03,"(""Tim Ryan"")"
4/14/2019,Tim Ryan,51,1936,0.026342975,"(""Tim Ryan"")"
4/21/2019,Tim Ryan,70,2320,0.030172414,"(""Tim Ryan"")"
4/28/2019,Tim Ryan,42,1834,0.022900763,"(""Tim Ryan"")"
5/5/2019,Tim Ryan,33,1577,0.020925808,"(""Tim Ryan"")"
5/12/2019,Tim Ryan,41,1952,0.021004098,"(""Tim Ryan"")"
5/19/2019,Tim Ryan,53,1580,0.033544304,"(""Tim Ryan"")"
5/26/2019,Tim Ryan,37,1474,0.025101764,"(""Tim Ryan"")"
6/2/2019,Tim Ryan,45,1652,0.027239709,"(""Tim Ryan"")"
6/9/2019,Tim Ryan,106,2049,0.051732552,"(""Tim Ryan"")"
6/16/2019,Tim Ryan,61,1882,0.032412327,"(""Tim Ryan"")"
6/23/2019,Tim Ryan,371,3561,0.104184218,"(""Tim Ryan"")"
6/30/2019,Tim Ryan,48,1672,0.028708134,"(""Tim Ryan"")"
7/7/2019,Tim Ryan,40,1880,0.021276596,"(""Tim Ryan"")"
7/14/2019,Tim Ryan,98,1802,0.054384018,"(""Tim Ryan"")"
7/21/2019,Tim Ryan,35,1414,0.024752475,"(""Tim Ryan"")"
7/28/2019,Tim Ryan,366,3210,0.114018692,"(""Tim Ryan"")"
8/4/2019,Tim Ryan,153,1937,0.078988126,"(""Tim Ryan"")"
8/11/2019,Tim Ryan,58,1513,0.038334435,"(""Tim Ryan"")"
8/18/2019,Tim Ryan,46,1451,0.031702274,"(""Tim Ryan"")"
8/25/2019,Tim Ryan,43,950,0.045263158,"(""Tim Ryan"")"
9/1/2019,Tim Ryan,26,1309,0.01986249,"(""Tim Ryan"")"
9/8/2019,Tim Ryan,83,1957,0.042411855,"(""Tim Ryan"")"
9/15/2019,Tim Ryan,54,2071,0.02607436,"(""Tim Ryan"")"
9/22/2019,Tim Ryan,28,3682,0.007604563,"(""Tim Ryan"")"
9/29/2019,Tim Ryan,17,3355,0.005067064,"(""Tim Ryan"")"
10/6/2019,Tim Ryan,12,2459,0.004880033,"(""Tim Ryan"")"
10/13/2019,Tim Ryan,26,2788,0.009325681,"(""Tim Ryan"")"
10/20/2019,Tim Ryan,47,1994,0.023570712,"(""Tim Ryan"")"
12/30/2018,Tom Steyer,41,806,0.050868486,"(""Tom Steyer"")"
1/6/2019,Tom Steyer,65,915,0.071038251,"(""Tom Steyer"")"
1/13/2019,Tom Steyer,23,1052,0.021863118,"(""Tom Steyer"")"
1/20/2019,Tom Steyer,24,1024,0.0234375,"(""Tom Steyer"")"
1/27/2019,Tom Steyer,24,1605,0.014953271,"(""Tom Steyer"")"
2/3/2019,Tom Steyer,17,1428,0.011904762,"(""Tom Steyer"")"
2/10/2019,Tom Steyer,37,1612,0.022952854,"(""Tom Steyer"")"
2/17/2019,Tom Steyer,16,1406,0.011379801,"(""Tom Steyer"")"
2/24/2019,Tom Steyer,38,1286,0.029548989,"(""Tom Steyer"")"
3/3/2019,Tom Steyer,58,1485,0.039057239,"(""Tom Steyer"")"
3/10/2019,Tom Steyer,45,1810,0.024861878,"(""Tom Steyer"")"
3/17/2019,Tom Steyer,16,1591,0.010056568,"(""Tom Steyer"")"
3/24/2019,Tom Steyer,14,1166,0.012006861,"(""Tom Steyer"")"
3/31/2019,Tom Steyer,4,1714,0.002333722,"(""Tom Steyer"")"
4/7/2019,Tom Steyer,6,1600,0.00375,"(""Tom Steyer"")"
4/14/2019,Tom Steyer,24,1936,0.012396694,"(""Tom Steyer"")"
4/21/2019,Tom Steyer,15,2320,0.006465517,"(""Tom Steyer"")"
4/28/2019,Tom Steyer,7,1834,0.003816794,"(""Tom Steyer"")"
5/5/2019,Tom Steyer,5,1577,0.003170577,"(""Tom Steyer"")"
5/12/2019,Tom Steyer,15,1952,0.007684426,"(""Tom Steyer"")"
5/19/2019,Tom Steyer,10,1580,0.006329114,"(""Tom Steyer"")"
5/26/2019,Tom Steyer,18,1474,0.012211669,"(""Tom Steyer"")"
6/2/2019,Tom Steyer,8,1652,0.004842615,"(""Tom Steyer"")"
6/9/2019,Tom Steyer,7,2049,0.003416301,"(""Tom Steyer"")"
6/16/2019,Tom Steyer,10,1882,0.005313496,"(""Tom Steyer"")"
6/23/2019,Tom Steyer,8,3561,0.00224656,"(""Tom Steyer"")"
6/30/2019,Tom Steyer,5,1672,0.002990431,"(""Tom Steyer"")"
7/7/2019,Tom Steyer,198,1880,0.105319149,"(""Tom Steyer"")"
7/14/2019,Tom Steyer,72,1802,0.039955605,"(""Tom Steyer"")"
7/21/2019,Tom Steyer,42,1414,0.02970297,"(""Tom Steyer"")"
7/28/2019,Tom Steyer,81,3210,0.025233645,"(""Tom Steyer"")"
8/4/2019,Tom Steyer,68,1937,0.035105834,"(""Tom Steyer"")"
8/11/2019,Tom Steyer,70,1513,0.046265697,"(""Tom Steyer"")"
8/18/2019,Tom Steyer,67,1451,0.046175052,"(""Tom Steyer"")"
8/25/2019,Tom Steyer,86,950,0.090526316,"(""Tom Steyer"")"
9/1/2019,Tom Steyer,42,1309,0.032085561,"(""Tom Steyer"")"
9/8/2019,Tom Steyer,100,1957,0.05109862,"(""Tom Steyer"")"
9/15/2019,Tom Steyer,68,2071,0.03283438,"(""Tom Steyer"")"
9/22/2019,Tom Steyer,81,3682,0.021998914,"(""Tom Steyer"")"
9/29/2019,Tom Steyer,68,3355,0.020268256,"(""Tom Steyer"")"
10/6/2019,Tom Steyer,76,2459,0.030906873,"(""Tom Steyer"")"
10/13/2019,Tom Steyer,268,2788,0.096126255,"(""Tom Steyer"")"
10/20/2019,Tom Steyer,67,1994,0.033600802,"(""Tom Steyer"")"
12/30/2018,Tulsi Gabbard,17,806,0.021091811,"(""Tulsi Gabbard"")"
1/6/2019,Tulsi Gabbard,91,915,0.099453552,"(""Tulsi Gabbard"")"
1/13/2019,Tulsi Gabbard,171,1052,0.162547529,"(""Tulsi Gabbard"")"
1/20/2019,Tulsi Gabbard,96,1024,0.09375,"(""Tulsi Gabbard"")"
1/27/2019,Tulsi Gabbard,114,1605,0.071028037,"(""Tulsi Gabbard"")"
2/3/2019,Tulsi Gabbard,72,1428,0.050420168,"(""Tulsi Gabbard"")"
2/10/2019,Tulsi Gabbard,88,1612,0.054590571,"(""Tulsi Gabbard"")"
2/17/2019,Tulsi Gabbard,70,1406,0.049786629,"(""Tulsi Gabbard"")"
2/24/2019,Tulsi Gabbard,39,1286,0.030326594,"(""Tulsi Gabbard"")"
3/3/2019,Tulsi Gabbard,59,1485,0.03973064,"(""Tulsi Gabbard"")"
3/10/2019,Tulsi Gabbard,74,1810,0.040883978,"(""Tulsi Gabbard"")"
3/17/2019,Tulsi Gabbard,66,1591,0.041483344,"(""Tulsi Gabbard"")"
3/24/2019,Tulsi Gabbard,49,1166,0.042024014,"(""Tulsi Gabbard"")"
3/31/2019,Tulsi Gabbard,37,1714,0.021586931,"(""Tulsi Gabbard"")"
4/7/2019,Tulsi Gabbard,45,1600,0.028125,"(""Tulsi Gabbard"")"
4/14/2019,Tulsi Gabbard,56,1936,0.02892562,"(""Tulsi Gabbard"")"
4/21/2019,Tulsi Gabbard,88,2320,0.037931034,"(""Tulsi Gabbard"")"
4/28/2019,Tulsi Gabbard,33,1834,0.017993457,"(""Tulsi Gabbard"")"
5/5/2019,Tulsi Gabbard,36,1577,0.022828155,"(""Tulsi Gabbard"")"
5/12/2019,Tulsi Gabbard,79,1952,0.040471311,"(""Tulsi Gabbard"")"
5/19/2019,Tulsi Gabbard,64,1580,0.040506329,"(""Tulsi Gabbard"")"
5/26/2019,Tulsi Gabbard,51,1474,0.034599729,"(""Tulsi Gabbard"")"
6/2/2019,Tulsi Gabbard,44,1652,0.026634383,"(""Tulsi Gabbard"")"
6/9/2019,Tulsi Gabbard,123,2049,0.060029283,"(""Tulsi Gabbard"")"
6/16/2019,Tulsi Gabbard,60,1882,0.031880978,"(""Tulsi Gabbard"")"
6/23/2019,Tulsi Gabbard,419,3561,0.117663578,"(""Tulsi Gabbard"")"
6/30/2019,Tulsi Gabbard,65,1672,0.038875598,"(""Tulsi Gabbard"")"
7/7/2019,Tulsi Gabbard,71,1880,0.037765957,"(""Tulsi Gabbard"")"
7/14/2019,Tulsi Gabbard,111,1802,0.061598224,"(""Tulsi Gabbard"")"
7/21/2019,Tulsi Gabbard,104,1414,0.073550212,"(""Tulsi Gabbard"")"
7/28/2019,Tulsi Gabbard,415,3210,0.129283489,"(""Tulsi Gabbard"")"
8/4/2019,Tulsi Gabbard,92,1937,0.047496128,"(""Tulsi Gabbard"")"
8/11/2019,Tulsi Gabbard,84,1513,0.055518837,"(""Tulsi Gabbard"")"
8/18/2019,Tulsi Gabbard,76,1451,0.052377671,"(""Tulsi Gabbard"")"
8/25/2019,Tulsi Gabbard,77,950,0.081052632,"(""Tulsi Gabbard"")"
9/1/2019,Tulsi Gabbard,40,1309,0.030557678,"(""Tulsi Gabbard"")"
9/8/2019,Tulsi Gabbard,135,1957,0.068983137,"(""Tulsi Gabbard"")"
9/15/2019,Tulsi Gabbard,89,2071,0.042974408,"(""Tulsi Gabbard"")"
9/22/2019,Tulsi Gabbard,126,3682,0.034220532,"(""Tulsi Gabbard"")"
9/29/2019,Tulsi Gabbard,66,3355,0.019672131,"(""Tulsi Gabbard"")"
10/6/2019,Tulsi Gabbard,61,2459,0.024806832,"(""Tulsi Gabbard"")"
10/13/2019,Tulsi Gabbard,360,2788,0.129124821,"(""Tulsi Gabbard"")"
10/20/2019,Tulsi Gabbard,260,1994,0.130391174,"(""Tulsi Gabbard"")"
